{
  "assetsByChunkName": {
    "vendors~app-account~app-checkout~app-confirmation~app-order": "chunk.c7e8714e26d0af16ec0e.js",
    "vendors~app-account~app-confirmation~app-order": "chunk.6b79b49e64bb6bbab82f.js",
    "vendors~app-account~app-checkout": "chunk.4b1f9d6bb31c8fcf9a83.js",
    "admin": [
      "admin.769e8bf12f990e0a9435.js",
      "admin.769e8bf12f990e0a9435.js.map"
    ],
    "app-account": "chunk.64bb61acc3a78eec7b4a.js",
    "app-confirmation": "chunk.36eb7bad37b5d8489a32.js",
    "app-order": "chunk.9d45feae886abc429ec4.js",
    "checkout": [
      "checkout.d7d9076ad4826a2aac07.js",
      "checkout.d7d9076ad4826a2aac07.js.map"
    ],
    "storefront": [
      "storefront.87bdbe7515e08a9dd1e6.css",
      "storefront.a49e52eb8a37305e2d58.js",
      "storefront.87bdbe7515e08a9dd1e6.css.map",
      "storefront.a49e52eb8a37305e2d58.js.map"
    ],
    "vendors~app-cart": "chunk.65543424a1843accf3ac.js",
    "vendors~app-checkout": "chunk.b21f3a0a69c6f9aadc47.js"
  }
}