{
  "sections": [
    {
      "type": "breadcrumbs",
      "enabled": true
    },
    {
      "type": "banners-grid",
      "banners": [
        {
          "img": "/img/uploads/desktop.jpg",
          "mobile_img": "/img/uploads/ref2-celular-branco.jpg"
        }
      ]
    },
    {
      "type": "banner-slider",
      "autoplay": 9000,
      "full_width": false
    },
    {
      "type": "banners-grid",
      "banners": [
        {
          "img": "/img/uploads/tarja-pedido-minimo-computador-redimencionado.jpg",
          "alt": "ATENÇÃO: vendemos somente atacado, não vendemos varejo, PEDIDO MINIMO 10 PEÇAS!",
          "mobile_img": "/img/uploads/tarja-pedido-minimo-mobile-cortado-redimencionado.jpg"
        }
      ]
    },
    {
      "type": "category-retail",
      "enabled": true,
      "sort": "news"
    },
    {
      "type": "document-description",
      "enabled": true
    },
    {
      "type": "banners-grid",
      "banners": [
        {
          "img": "/img/uploads/4figuras-desktop-10-pecas-12-no-cartao.png",
          "mobile_img": "/img/uploads/4figuras-mobile-10-pecas-12x-no-cartao.png"
        }
      ]
    },
    {
      "type": "document-banner",
      "enabled": true
    }
  ]
}