{
  "description": {
    "title": "Voller Manie",
    "text": "Sua loja de Roupa Feminina no Atacado de excelência no Brasil com as melhores ofertas e qualidade. "
  },
  "links_1": {
    "list_pages": true,
    "title": "Institucional",
    "list": []
  },
  "links_2": {
    "list_categories": true,
    "title": "Categorias",
    "list": []
  },
  "contacts": {
    "title": "Contatos",
    "phone_wpp": true,
    "socials": true,
    "email": true,
    "address": true
  },
  "stamps": [
    {
      "src": "/img/uploads/compra-segura.webp",
      "alt": "compra segura e forma de pagamento"
    }
  ],
  "payment_methods": {
    "bb": false,
    "visa": false,
    "boleto": false,
    "aura": false,
    "banrisul": false,
    "elo": false,
    "hipercard": false,
    "hsbc": false,
    "bradesco": false,
    "santander": false,
    "mastercard": false,
    "paypal": false,
    "citibank": false,
    "diners": false,
    "mais": false,
    "amex": false,
    "itau": false
  },
  "credits": ""
}