{
  "marketing_stripe": {
    "text": "PEDIDO MÍNIMO R$ 150,00!  💛",
    "link": "/index"
  },
  "contacts_stripe": {
    "pages": [
      {
        "title": "Site Seguro!",
        "link": "/index"
      },
      {
        "title": "Parcele em até 12 vezes no Cartão!",
        "link": "/index"
      },
      {
        "title": "Seja um(a) dos nossos revendedores!",
        "link": "/index"
      },
      {
        "title": "Enviamos para todo o Brasil",
        "link": "/index"
      }
    ],
    "phone_wpp": true,
    "socials": true
  },
  "categories_list": {
    "featured": [
      "/kits-de-relogios-femininos?Kits De Relógios Femininos",
      "/conjuntos?Conjuntos",
      "/vestidos-e-macaquinhos?Vestidos e Macaquinhos",
      "/conjuntos-macaquinhos-e-vestidos?TODOS os Conjuntos, Vestidos e Macaquinhos",
      "/t-shirts-ver-mais?T-shirt's"
    ],
    "random": 11,
    "full_width": true
  },
  "search_input": true,
  "desktop_megamenu": true
}