{
  "meta_title": "Voller Manie | Roupa Feminina Atacado ",
  "meta_description": "Sua loja de Atacado de excelência no Brasil com as melhores ofertas com vestuário na moda e tendências.",
  "sections": [
    {
      "type": "banner-slider",
      "autoplay": 9000,
      "full_width": false
    },
    {
      "type": "banners-grid",
      "banners": [
        {
          "img": "/img/uploads/tarja-pedido-minimo-computador-comprimento-maior.jpg",
          "mobile_img": "/img/uploads/tarja-pedido-minimo-mobile-cortado-redimencionado.jpg",
          "alt": "ATENÇÃO: vendemos somente atacado, não vendemos varejo, PEDIDO MINIMO 10 PEÇAS!",
          "link": ""
        }
      ]
    },
    {
      "type": "banners-grid",
      "banners": [
        {
          "img": "/img/uploads/banner-desktop-558-x-441-px-grid-de-2-imagens-x-mais-escuro.png",
          "mobile_img": "/img/uploads/banner-mobile-794x794-03-1-.png"
        },
        {
          "img": "/img/uploads/banner-desktop-558-x-441-px-grid-de-2-imagens.png",
          "mobile_img": "/img/uploads/banner-mobile-794-x-794-px-.png"
        }
      ]
    },
    {
      "type": "collection-shelf",
      "shuffle": true,
      "limit": 24,
      "page": 1,
      "collection_id": "6173008d9bb4ce40f93b03c2:categories:CONJUNTOS, MACAQUINHOS E VESTIDOS:/conjuntos-macaquinhos-e-vestidos",
      "title": "Todos os Conjuntos, Vestidos e Macaquinhos 👗✨ (Clique Aqui e Veja Mais)",
      "link": "https://www.vollermanie.com.br/conjuntos-macaquinhos-e-vestidos",
      "sort": "sales"
    },
    {
      "type": "collection-shelf",
      "shuffle": false,
      "limit": 24,
      "page": 1,
      "collection_id": "618a6e6e239b7206d3063420:categories:COLEÇÃO FESTAS DE FIM DE ANO:/colecao-festas-de-fim-de-ano",
      "sort": "sales",
      "title": "Coleção de Fim de Ano - Branco, Vermelho e Amarelo 🎄 🎉 (Clique Aqui e Veja Mais)",
      "link": "https://www.vollermanie.com.br/colecao-festas-de-fim-de-ano"
    },
    {
      "type": "collection-shelf",
      "shuffle": true,
      "collection_id": "5f0e1eb314ff772fde8010c3:categories:T-SHIRTS:/t-shirts-ver-mais",
      "sort": "sales",
      "title": "Todas as T-Shirts 🌈 (Clique Aqui e Veja Mais)",
      "link": "https://www.vollermanie.com.br/t-shirts-ver-mais",
      "page": 1,
      "limit": 24
    },
    {
      "type": "collection-shelf",
      "shuffle": true,
      "limit": 24,
      "page": 1,
      "title": "Novidades e Reposições 🎈 (Clique Aqui e Veja Mais)",
      "link": "https://www.vollermanie.com.br/conjuntos-macaquinhos-e-vestidos",
      "collection_id": null,
      "sort": "news"
    },
    {
      "type": "banners-grid",
      "banners": [
        {
          "img": "/img/uploads/desktop.jpg",
          "mobile_img": "/img/uploads/ref2-celular-branco.jpg"
        }
      ]
    },
    {
      "type": "banner-slider",
      "autoplay": 9000,
      "full_width": false
    }
  ]
}