{
  "sections": [
    {
      "type": "breadcrumbs",
      "enabled": true
    },
    {
      "type": "banners-grid",
      "banners": [
        {
          "img": "/img/uploads/tarja-pedido-minimo-computador-comprimento-maior.jpg",
          "mobile_img": "/img/uploads/tarja-pedido-minimo-mobile-cortado-redimencionado.jpg",
          "alt": "ATENÇÃO: vendemos somente atacado, não vendemos varejo, PEDIDO MINIMO 10 PEÇAS!"
        }
      ]
    },
    {
      "type": "product-block",
      "enabled": true
    },
    {
      "type": "product-description",
      "enabled": true
    },
    {
      "type": "product-specifications",
      "enabled": true
    },
    {
      "type": "collection-shelf",
      "shuffle": true,
      "title": "RECOMENDADOS 🌸",
      "sort": "sales"
    }
  ]
}